{"cameraMode":{"drawMode":0,"name":"Shaded","section":"Shading Mode"},"sceneLighting":true,"audioPlay":false,"sceneViewState":{"showFog":true,"showMaterialUpdate":false,"showSkybox":true,"showFlares":true,"showImageEffects":true,"showParticleSystems":true},"in2DMode":false,"pivot":{"x":-3.09505033493042,"y":6.621575355529785,"z":-19.69247817993164},"rotation":{"x":0.2730369567871094,"y":0.09130585938692093,"z":-0.02590794675052166,"w":0.957360565662384},"size":2.4750003814697267,"orthographic":false}